{"cameraMode":{"drawMode":0,"name":"Shaded","section":"Shading Mode"},"sceneLighting":false,"audioPlay":false,"sceneViewState":{"m_AlwaysRefresh":false,"showFog":true,"showSkybox":false,"showFlares":true,"showImageEffects":true,"showParticleSystems":true,"showVisualEffectGraphs":true,"m_FxEnabled":true},"in2DMode":false,"pivot":{"x":189.53948974609376,"y":151.81788635253907,"z":698.4413452148438},"rotation":{"x":-0.0422966368496418,"y":0.0020939961541444065,"z":-0.000089664725237526,"w":-0.9991101026535034},"size":624.123291015625,"orthographic":false}