{"cameraMode":{"drawMode":0,"name":"Shaded","section":"Shading Mode"},"sceneLighting":false,"audioPlay":false,"sceneViewState":{"m_AlwaysRefresh":false,"showFog":true,"showSkybox":false,"showFlares":true,"showImageEffects":true,"showParticleSystems":true,"showVisualEffectGraphs":true,"m_FxEnabled":true},"in2DMode":false,"pivot":{"x":2.0799999237060549,"y":2.0899999141693117,"z":6.590000152587891},"rotation":{"x":-0.31477314233779909,"y":0.11833135783672333,"z":-0.03960247337818146,"w":-0.9410000443458557},"size":0.8660253882408142,"orthographic":false}