{"pushBlocks":[{"x":5.76000452041626,"y":-0.18999987840652467,"z":1.1100012063980103},{"x":-5.2599992752075199,"y":-6.639998435974121,"z":61.09000015258789},{"x":6.5,"y":-7.640000343322754,"z":65.16999816894531}],"currentWaypointPos":{"x":0.699999988079071,"y":41.0,"z":135.0}}