{"pushBlocks":[{"x":5.760004997253418,"y":-0.18999995291233064,"z":1.1100006103515626},{"x":-5.260000228881836,"y":-6.640000343322754,"z":61.09000015258789},{"x":6.5,"y":-7.640000343322754,"z":65.16999816894531}],"currentWaypointPos":{"x":0.699999988079071,"y":41.0,"z":135.0}}