{"pushBlocks":[{"x":5.760000228881836,"y":1.309999942779541,"z":1.1099998950958253},{"x":-5.260000228881836,"y":-7.640000343322754,"z":61.09000015258789},{"x":6.371463775634766,"y":-39.19076156616211,"z":65.52771759033203}],"currentWaypointPos":{"x":0.699999988079071,"y":41.0,"z":135.0}}