{"playerPos":{"x":0.02075948193669319,"y":-0.8647067546844482,"z":0.044111140072345737},"enemyPos":[{"x":0.6805934906005859,"y":-0.18251800537109376,"z":8.78471565246582},{"x":9.49811840057373,"y":-4.015851974487305,"z":89.03937530517578},{"x":-1.4935643672943116,"y":-1.7658519744873047,"z":75.43222045898438},{"x":-5.920000076293945,"y":-1.1825180053710938,"z":24.639999389648439}]}