{"playerPos":{"x":0.036017920821905139,"y":-0.8647053241729736,"z":0.06270721554756165},"enemyPos":[{"x":5.400000095367432,"y":-1.7658519744873047,"z":85.19000244140625},{"x":0.9383546113967896,"y":-7.934326171875,"z":55.446659088134769},{"x":-7.128993034362793,"y":-0.18251800537109376,"z":-0.9813938140869141},{"x":2.2146646976470949,"y":-4.015851974487305,"z":101.73360443115235}]}