{"playerPos":{"x":0.48243916034698489,"y":-0.8647049069404602,"z":6.124319553375244},"enemyPos":[{"x":-5.594090938568115,"y":-0.18251800537109376,"z":-7.16904354095459},{"x":8.279999732971192,"y":-4.015851974487305,"z":104.72000122070313},{"x":5.400000095367432,"y":-1.7658519744873047,"z":85.19000244140625},{"x":-5.920000076293945,"y":-1.1825180053710938,"z":24.639999389648439}]}