{"playerPos":{"x":0.847490131855011,"y":-0.8646995425224304,"z":-6.678229331970215},"enemyPos":[{"x":-5.521671295166016,"y":-0.18251800537109376,"z":-0.40784016251564028},{"x":8.279999732971192,"y":-4.015851974487305,"z":104.72000122070313},{"x":5.400000095367432,"y":-1.7658519744873047,"z":85.19000244140625},{"x":-5.920000076293945,"y":-1.1825180053710938,"z":24.639999389648439}]}