{"cameraMode":{"drawMode":0,"name":"Shaded","section":"Shading Mode"},"sceneLighting":true,"audioPlay":false,"sceneViewState":{"m_AlwaysRefresh":false,"showFog":true,"showSkybox":true,"showFlares":true,"showImageEffects":true,"showParticleSystems":true,"showVisualEffectGraphs":true,"m_FxEnabled":true},"in2DMode":false,"pivot":{"x":2.0799999237060549,"y":4.820000171661377,"z":6.590000152587891},"rotation":{"x":-0.12917160987854005,"y":0.43498188257217409,"z":-0.06321343034505844,"w":-0.8888887763023377},"size":7.5828752517700199,"orthographic":false}