{"cameraMode":{"drawMode":0,"name":"Shaded","section":"Shading Mode"},"sceneLighting":true,"audioPlay":false,"sceneViewState":{"m_AlwaysRefresh":false,"showFog":true,"showSkybox":true,"showFlares":true,"showImageEffects":true,"showParticleSystems":true,"showVisualEffectGraphs":true,"m_FxEnabled":true},"in2DMode":false,"pivot":{"x":0.14336608350276948,"y":-0.8469592332839966,"z":0.285494327545166},"rotation":{"x":0.0059890421107411388,"y":0.9646318554878235,"z":-0.2626228630542755,"w":0.021998118609189988},"size":10.770620346069336,"orthographic":false}