{"cameraMode":{"drawMode":0,"name":"Shaded","section":"Shading Mode"},"sceneLighting":true,"audioPlay":false,"sceneViewState":{"m_AlwaysRefresh":false,"showFog":true,"showSkybox":true,"showFlares":true,"showImageEffects":true,"showParticleSystems":true,"showVisualEffectGraphs":true,"m_FxEnabled":true},"in2DMode":false,"pivot":{"x":-0.9621934294700623,"y":1.8943308591842652,"z":6.152888774871826},"rotation":{"x":-0.07664299756288529,"y":0.19994747638702393,"z":-0.015717117115855218,"w":-0.9767671227455139},"size":4.885158538818359,"orthographic":false}