{"pushBlocks":[{"x":4.464570045471191,"y":-0.1900000125169754,"z":1.008551836013794},{"x":-5.260000228881836,"y":-6.640000343322754,"z":61.09000015258789},{"x":6.5,"y":-7.640000343322754,"z":65.16999816894531}],"currentWaypointPos":{"x":0.699999988079071,"y":41.0,"z":135.0}}