{"playerPos":{"x":0.18239669501781465,"y":-0.8647022843360901,"z":0.11933235824108124},"enemyPos":[{"x":-6.987494468688965,"y":-0.18251800537109376,"z":-3.6059141159057619},{"x":8.279999732971192,"y":-4.015851974487305,"z":104.72000122070313},{"x":5.400000095367432,"y":-1.7658519744873047,"z":85.19000244140625},{"x":-5.920000076293945,"y":-1.1825180053710938,"z":24.639999389648439}]}